{
  "variants": {
    "facing=north": {
      "model": "construction_essentials:block/sewer_pipe_bend_tow_down"
    },
    "facing=east": {
      "model": "construction_essentials:block/sewer_pipe_bend_tow_down",
      "y": 90
    },
    "facing=south": {
      "model": "construction_essentials:block/sewer_pipe_bend_tow_down",
      "y": 180
    },
    "facing=west": {
      "model": "construction_essentials:block/sewer_pipe_bend_tow_down",
      "y": 270
    },
    "facing=up": {
      "model": "construction_essentials:block/sewer_pipe_bend_tow_down",
      "x": 270
    },
    "facing=down": {
      "model": "construction_essentials:block/sewer_pipe_bend_tow_down",
      "x": 90
    }
  }
}