{
	"credit": "Model By DrakenXI",
	"textures": {
		"0": "Textures_perso/basic_concret",
		"particle": "Textures_perso/basic_concret"
	},
	"elements": [
		{
			"from": [12, 4, 12],
			"to": [16, 12, 13],
			"rotation": {"angle": 0, "axis": "y", "origin": [5, 2, 20]},
			"faces": {
				"north": {"uv": [0, 0, 8, 4], "rotation": 90, "texture": "#0"},
				"east": {"uv": [0, 0, 8, 1], "rotation": 270, "texture": "#0"},
				"south": {"uv": [0, 0, 8, 4], "rotation": 90, "texture": "#0"},
				"west": {"uv": [0, 0, 8, 1], "rotation": 90, "texture": "#0"},
				"up": {"uv": [0, 0, 4, 1], "rotation": 180, "texture": "#0"},
				"down": {"uv": [0, 0, 4, 1], "texture": "#0"}
			}
		},
		{
			"from": [12, 13, 4],
			"to": [13, 16, 12],
			"rotation": {"angle": 0, "axis": "x", "origin": [20, 23, 14]},
			"faces": {
				"north": {"uv": [0, 0, 3, 1], "rotation": 270, "texture": "#0"},
				"east": {"uv": [0, 0, 8, 3], "rotation": 180, "texture": "#0"},
				"south": {"uv": [0, 0, 3, 1], "rotation": 90, "texture": "#0"},
				"west": {"uv": [0, 0, 8, 3], "texture": "#0"},
				"up": {"uv": [0, 0, 8, 1], "rotation": 90, "texture": "#0"},
				"down": {"uv": [0, 0, 8, 1], "rotation": 90, "texture": "#0"}
			}
		},
		{
			"from": [3, 13, 4],
			"to": [4, 16, 12],
			"rotation": {"angle": 0, "axis": "x", "origin": [11, 6, 2]},
			"faces": {
				"north": {"uv": [0, 0, 3, 1], "rotation": 270, "texture": "#0"},
				"east": {"uv": [0, 0, 8, 3], "texture": "#0"},
				"south": {"uv": [0, 0, 3, 1], "rotation": 90, "texture": "#0"},
				"west": {"uv": [0, 0, 8, 3], "rotation": 180, "texture": "#0"},
				"up": {"uv": [0, 0, 8, 1], "rotation": 90, "texture": "#0"},
				"down": {"uv": [0, 0, 8, 1], "rotation": 90, "texture": "#0"}
			}
		},
		{
			"from": [0, 4, 12],
			"to": [4, 12, 13],
			"rotation": {"angle": 0, "axis": "y", "origin": [-7, 2, 20]},
			"faces": {
				"north": {"uv": [0, 0, 8, 4], "rotation": 90, "texture": "#0"},
				"east": {"uv": [0, 0, 8, 1], "rotation": 270, "texture": "#0"},
				"south": {"uv": [0, 0, 8, 4], "rotation": 90, "texture": "#0"},
				"west": {"uv": [0, 0, 8, 1], "rotation": 90, "texture": "#0"},
				"up": {"uv": [0, 0, 4, 1], "rotation": 180, "texture": "#0"},
				"down": {"uv": [0, 0, 4, 1], "texture": "#0"}
			}
		},
		{
			"from": [0, 4, 3],
			"to": [4, 12, 4],
			"rotation": {"angle": 0, "axis": "y", "origin": [-7, 2, 11]},
			"faces": {
				"north": {"uv": [0, 0, 8, 4], "rotation": 90, "texture": "#0"},
				"east": {"uv": [0, 0, 8, 1], "rotation": 270, "texture": "#0"},
				"south": {"uv": [0, 0, 8, 4], "rotation": 90, "texture": "#0"},
				"west": {"uv": [0, 0, 8, 1], "rotation": 90, "texture": "#0"},
				"up": {"uv": [0, 0, 4, 1], "rotation": 180, "texture": "#0"},
				"down": {"uv": [0, 0, 4, 1], "texture": "#0"}
			}
		},
		{
			"from": [12, 4, 3],
			"to": [16, 12, 4],
			"rotation": {"angle": 0, "axis": "y", "origin": [5, 2, 11]},
			"faces": {
				"north": {"uv": [0, 0, 8, 4], "rotation": 90, "texture": "#0"},
				"east": {"uv": [0, 0, 8, 1], "rotation": 270, "texture": "#0"},
				"south": {"uv": [0, 0, 8, 4], "rotation": 90, "texture": "#0"},
				"west": {"uv": [0, 0, 8, 1], "rotation": 90, "texture": "#0"},
				"up": {"uv": [0, 0, 4, 1], "rotation": 180, "texture": "#0"},
				"down": {"uv": [0, 0, 4, 1], "texture": "#0"}
			}
		},
		{
			"from": [0, 3, 4],
			"to": [16, 4, 12],
			"rotation": {"angle": 0, "axis": "y", "origin": [5, 11, 14]},
			"faces": {
				"north": {"uv": [0, 0, 16, 1], "texture": "#0"},
				"east": {"uv": [0, 0, 8, 1], "texture": "#0"},
				"south": {"uv": [0, 0, 16, 1], "texture": "#0"},
				"west": {"uv": [0, 0, 8, 1], "texture": "#0"},
				"up": {"uv": [0, 0, 10, 16], "rotation": 90, "texture": "#0"},
				"down": {"uv": [0, 0, 10, 16], "rotation": 270, "texture": "#0"}
			}
		},
		{
			"from": [0, 12, 4],
			"to": [4, 13, 12],
			"rotation": {"angle": 0, "axis": "y", "origin": [-7, 20, 14]},
			"faces": {
				"north": {"uv": [0, 0, 4, 1], "texture": "#0"},
				"east": {"uv": [0, 0, 8, 1], "texture": "#0"},
				"south": {"uv": [0, 0, 4, 1], "texture": "#0"},
				"west": {"uv": [0, 0, 8, 1], "texture": "#0"},
				"up": {"uv": [0, 0, 8, 4], "rotation": 90, "texture": "#0"},
				"down": {"uv": [0, 0, 8, 4], "rotation": 270, "texture": "#0"}
			}
		},
		{
			"from": [4, 4, 3],
			"to": [12, 16, 4],
			"rotation": {"angle": 0, "axis": "x", "origin": [14, 24, -4]},
			"faces": {
				"north": {"uv": [0, 0, 8, 12], "rotation": 180, "texture": "#0"},
				"east": {"uv": [0, 0, 12, 1], "rotation": 90, "texture": "#0"},
				"south": {"uv": [0, 0, 8, 12], "texture": "#0"},
				"west": {"uv": [0, 0, 12, 1], "rotation": 270, "texture": "#0"},
				"up": {"uv": [0, 0, 8, 1], "texture": "#0"},
				"down": {"uv": [0, 0, 8, 1], "rotation": 180, "texture": "#0"}
			}
		},
		{
			"from": [4, 4, 12],
			"to": [12, 16, 13],
			"rotation": {"angle": 0, "axis": "x", "origin": [14, 24, 5]},
			"faces": {
				"north": {"uv": [0, 0, 8, 12], "rotation": 180, "texture": "#0"},
				"east": {"uv": [0, 0, 12, 1], "rotation": 90, "texture": "#0"},
				"south": {"uv": [0, 0, 8, 12], "texture": "#0"},
				"west": {"uv": [0, 0, 12, 1], "rotation": 270, "texture": "#0"},
				"up": {"uv": [0, 0, 8, 1], "texture": "#0"},
				"down": {"uv": [0, 0, 8, 1], "rotation": 180, "texture": "#0"}
			}
		},
		{
			"from": [12, 12, 4],
			"to": [16, 13, 12],
			"rotation": {"angle": 0, "axis": "y", "origin": [5, 20, 14]},
			"faces": {
				"north": {"uv": [0, 0, 4, 1], "texture": "#0"},
				"east": {"uv": [0, 0, 8, 1], "texture": "#0"},
				"south": {"uv": [0, 0, 4, 1], "texture": "#0"},
				"west": {"uv": [0, 0, 8, 1], "texture": "#0"},
				"up": {"uv": [0, 0, 8, 4], "rotation": 90, "texture": "#0"},
				"down": {"uv": [0, 0, 8, 4], "rotation": 270, "texture": "#0"}
			}
		}
	],
	"groups": [
		{
			"name": "group",
			"origin": [-7, 3, 20],
			"children": [0, 1, 2, 3, 4, 5, 6, 7, 8, 9, 10]
		}
	]
}