{
	"credit": "Model By DrakenXI",
	"textures": {
		"1": "Textures_perso/basic_concret"
	},
	"elements": [
		{
			"from": [12, 12, 4],
			"to": [13, 16, 12],
			"rotation": {"angle": 0, "axis": "y", "origin": [20, 5, 2]},
			"faces": {
				"north": {"uv": [0, 0, 4, 1], "rotation": 270, "texture": "#1"},
				"east": {"uv": [0, 0, 8, 4], "texture": "#1"},
				"south": {"uv": [0, 0, 4, 1], "rotation": 90, "texture": "#1"},
				"west": {"uv": [0, 0, 8, 4], "rotation": 180, "texture": "#1"},
				"up": {"uv": [0, 0, 8, 1], "rotation": 90, "texture": "#1"},
				"down": {"uv": [0, 0, 8, 1], "rotation": 90, "texture": "#1"}
			}
		},
		{
			"from": [3, 12, 4],
			"to": [4, 16, 12],
			"rotation": {"angle": 0, "axis": "y", "origin": [11, 5, 2]},
			"faces": {
				"north": {"uv": [0, 0, 4, 1], "rotation": 270, "texture": "#1"},
				"east": {"uv": [0, 0, 8, 4], "texture": "#1"},
				"south": {"uv": [0, 0, 4, 1], "rotation": 90, "texture": "#1"},
				"west": {"uv": [0, 0, 8, 4], "rotation": 180, "texture": "#1"},
				"up": {"uv": [0, 0, 8, 1], "rotation": 90, "texture": "#1"},
				"down": {"uv": [0, 0, 8, 1], "rotation": 90, "texture": "#1"}
			}
		},
		{
			"from": [4, 12, 0],
			"to": [12, 13, 3],
			"rotation": {"angle": 0, "axis": "x", "origin": [14, 20, 10]},
			"faces": {
				"north": {"uv": [0, 0, 8, 1], "texture": "#1"},
				"east": {"uv": [0, 0, 3, 1], "texture": "#1"},
				"south": {"uv": [0, 0, 8, 1], "texture": "#1"},
				"west": {"uv": [0, 0, 3, 1], "texture": "#1"},
				"up": {"uv": [0, 0, 8, 3], "texture": "#1"},
				"down": {"uv": [0, 0, 8, 3], "texture": "#1"}
			}
		},
		{
			"from": [4, 3, 0],
			"to": [12, 4, 3],
			"rotation": {"angle": 0, "axis": "x", "origin": [2, 11, -7]},
			"faces": {
				"north": {"uv": [0, 0, 8, 1], "texture": "#1"},
				"east": {"uv": [0, 0, 3, 1], "texture": "#1"},
				"south": {"uv": [0, 0, 8, 1], "texture": "#1"},
				"west": {"uv": [0, 0, 3, 1], "texture": "#1"},
				"up": {"uv": [0, 0, 8, 3], "rotation": 180, "texture": "#1"},
				"down": {"uv": [0, 0, 8, 3], "rotation": 180, "texture": "#1"}
			}
		},
		{
			"from": [12, 0, 4],
			"to": [13, 4, 12],
			"rotation": {"angle": 0, "axis": "y", "origin": [20, -7, 2]},
			"faces": {
				"north": {"uv": [0, 0, 4, 1], "rotation": 270, "texture": "#1"},
				"east": {"uv": [0, 0, 8, 4], "texture": "#1"},
				"south": {"uv": [0, 0, 4, 1], "rotation": 90, "texture": "#1"},
				"west": {"uv": [0, 0, 8, 4], "rotation": 180, "texture": "#1"},
				"up": {"uv": [0, 0, 8, 1], "rotation": 90, "texture": "#1"},
				"down": {"uv": [0, 0, 8, 1], "rotation": 90, "texture": "#1"}
			}
		},
		{
			"from": [3, 0, 4],
			"to": [4, 4, 12],
			"rotation": {"angle": 0, "axis": "y", "origin": [11, -7, 2]},
			"faces": {
				"north": {"uv": [0, 0, 4, 1], "rotation": 270, "texture": "#1"},
				"east": {"uv": [0, 0, 8, 4], "texture": "#1"},
				"south": {"uv": [0, 0, 4, 1], "rotation": 90, "texture": "#1"},
				"west": {"uv": [0, 0, 8, 4], "rotation": 180, "texture": "#1"},
				"up": {"uv": [0, 0, 8, 1], "rotation": 90, "texture": "#1"},
				"down": {"uv": [0, 0, 8, 1], "rotation": 90, "texture": "#1"}
			}
		},
		{
			"from": [4, 0, 3],
			"to": [12, 4, 4],
			"rotation": {"angle": 0, "axis": "y", "origin": [14, -7, 11]},
			"faces": {
				"north": {"uv": [0, 0, 8, 4], "rotation": 180, "texture": "#1"},
				"east": {"uv": [0, 0, 4, 1], "rotation": 270, "texture": "#1"},
				"south": {"uv": [0, 0, 8, 4], "texture": "#1"},
				"west": {"uv": [0, 0, 4, 1], "rotation": 90, "texture": "#1"},
				"up": {"uv": [0, 0, 8, 1], "rotation": 180, "texture": "#1"},
				"down": {"uv": [0, 0, 8, 1], "texture": "#1"}
			}
		},
		{
			"from": [3, 4, 0],
			"to": [4, 12, 12],
			"rotation": {"angle": 0, "axis": "x", "origin": [-4, 14, 20]},
			"faces": {
				"north": {"uv": [0, 0, 8, 1], "rotation": 90, "texture": "#1"},
				"east": {"uv": [0, 0, 8, 12], "rotation": 270, "texture": "#1"},
				"south": {"uv": [0, 0, 8, 1], "rotation": 270, "texture": "#1"},
				"west": {"uv": [0, 0, 8, 12], "rotation": 270, "texture": "#1"},
				"up": {"uv": [0, 0, 12, 1], "rotation": 270, "texture": "#1"},
				"down": {"uv": [0, 0, 12, 1], "rotation": 270, "texture": "#1"}
			}
		},
		{
			"from": [12, 4, 0],
			"to": [13, 12, 12],
			"rotation": {"angle": 0, "axis": "x", "origin": [5, 14, 20]},
			"faces": {
				"north": {"uv": [0, 0, 8, 1], "rotation": 90, "texture": "#1"},
				"east": {"uv": [0, 0, 8, 12], "rotation": 270, "texture": "#1"},
				"south": {"uv": [0, 0, 8, 1], "rotation": 270, "texture": "#1"},
				"west": {"uv": [0, 0, 8, 12], "rotation": 270, "texture": "#1"},
				"up": {"uv": [0, 0, 12, 1], "rotation": 270, "texture": "#1"},
				"down": {"uv": [0, 0, 12, 1], "rotation": 270, "texture": "#1"}
			}
		},
		{
			"from": [4, 12, 3],
			"to": [12, 16, 4],
			"rotation": {"angle": 0, "axis": "y", "origin": [14, 5, 11]},
			"faces": {
				"north": {"uv": [0, 0, 8, 4], "rotation": 180, "texture": "#1"},
				"east": {"uv": [0, 0, 4, 1], "rotation": 270, "texture": "#1"},
				"south": {"uv": [0, 0, 8, 4], "texture": "#1"},
				"west": {"uv": [0, 0, 4, 1], "rotation": 90, "texture": "#1"},
				"up": {"uv": [0, 0, 8, 1], "rotation": 180, "texture": "#1"},
				"down": {"uv": [0, 0, 8, 1], "texture": "#1"}
			}
		},
		{
			"from": [4, 0, 12],
			"to": [12, 16, 13],
			"rotation": {"angle": 0, "axis": "y", "origin": [12, 8, 20]},
			"faces": {
				"north": {"uv": [0, 0, 8, 16], "texture": "#1"},
				"east": {"uv": [0, 0, 1, 16], "texture": "#1"},
				"south": {"uv": [0, 0, 8, 16], "texture": "#1"},
				"west": {"uv": [0, 0, 1, 16], "texture": "#1"},
				"up": {"uv": [0, 0, 8, 1], "texture": "#1"},
				"down": {"uv": [0, 0, 8, 1], "texture": "#1"}
			}
		}
	],
	"groups": [
		{
			"name": "group",
			"origin": [-7, 3, 20],
			"children": [0, 1, 2, 3, 4, 5, 6, 7, 8, 9, 10]
		}
	]
}