{
	"credit": "Model By DrakenXI",
	"textures": {
		"0": "Textures_perso/basic_concret",
		"particle": "Textures_perso/basic_concret"
	},
	"elements": [
		{
			"from": [12, 4, 3],
			"to": [16, 12, 4],
			"rotation": {"angle": 0, "axis": "y", "origin": [23, 12, -4]},
			"faces": {
				"north": {"uv": [0, 0, 4, 8], "texture": "#0"},
				"east": {"uv": [0, 0, 1, 8], "texture": "#0"},
				"south": {"uv": [0, 0, 4, 8], "texture": "#0"},
				"west": {"uv": [0, 0, 1, 8], "texture": "#0"},
				"up": {"uv": [0, 0, 1, 4], "rotation": 270, "texture": "#0"},
				"down": {"uv": [0, 0, 1, 4], "rotation": 90, "texture": "#0"}
			}
		},
		{
			"from": [12, 4, 0],
			"to": [13, 12, 3],
			"rotation": {"angle": 0, "axis": "y", "origin": [20, 12, 10]},
			"faces": {
				"north": {"uv": [0, 0, 1, 8], "texture": "#0"},
				"east": {"uv": [0, 0, 3, 8], "texture": "#0"},
				"south": {"uv": [0, 0, 1, 8], "texture": "#0"},
				"west": {"uv": [0, 0, 3, 8], "texture": "#0"},
				"up": {"uv": [0, 0, 1, 3], "texture": "#0"},
				"down": {"uv": [0, 0, 1, 3], "texture": "#0"}
			}
		},
		{
			"from": [4, 12, 4],
			"to": [16, 13, 12],
			"rotation": {"angle": 0, "axis": "y", "origin": [23, 20, 1]},
			"faces": {
				"north": {"uv": [0, 0, 12, 1], "texture": "#0"},
				"east": {"uv": [0, 0, 8, 1], "texture": "#0"},
				"south": {"uv": [0, 0, 12, 1], "texture": "#0"},
				"west": {"uv": [0, 0, 8, 1], "texture": "#0"},
				"up": {"uv": [0, 0, 8, 12], "rotation": 270, "texture": "#0"},
				"down": {"uv": [0, 0, 8, 12], "rotation": 90, "texture": "#0"}
			}
		},
		{
			"from": [4, 4, 12],
			"to": [16, 12, 13],
			"rotation": {"angle": 0, "axis": "z", "origin": [23, 15, 20]},
			"faces": {
				"north": {"uv": [0, 0, 8, 12], "rotation": 270, "texture": "#0"},
				"east": {"uv": [0, 0, 8, 1], "rotation": 270, "texture": "#0"},
				"south": {"uv": [0, 0, 8, 12], "rotation": 270, "texture": "#0"},
				"west": {"uv": [0, 0, 8, 1], "rotation": 90, "texture": "#0"},
				"up": {"uv": [0, 0, 12, 1], "rotation": 180, "texture": "#0"},
				"down": {"uv": [0, 0, 12, 1], "texture": "#0"}
			}
		},
		{
			"from": [3, 4, 0],
			"to": [4, 12, 12],
			"rotation": {"angle": 0, "axis": "y", "origin": [-4, 15, 19]},
			"faces": {
				"north": {"uv": [0, 0, 8, 1], "rotation": 90, "texture": "#0"},
				"east": {"uv": [0, 0, 8, 12], "rotation": 270, "texture": "#0"},
				"south": {"uv": [0, 0, 8, 1], "rotation": 270, "texture": "#0"},
				"west": {"uv": [0, 0, 8, 12], "rotation": 270, "texture": "#0"},
				"up": {"uv": [0, 0, 12, 1], "rotation": 270, "texture": "#0"},
				"down": {"uv": [0, 0, 12, 1], "rotation": 270, "texture": "#0"}
			}
		},
		{
			"from": [4, 3, 0],
			"to": [12, 4, 4],
			"rotation": {"angle": 0, "axis": "y", "origin": [12, 11, -4]},
			"faces": {
				"north": {"uv": [0, 0, 8, 1], "texture": "#0"},
				"east": {"uv": [0, 0, 4, 1], "texture": "#0"},
				"south": {"uv": [0, 0, 8, 1], "texture": "#0"},
				"west": {"uv": [0, 0, 4, 1], "texture": "#0"},
				"up": {"uv": [0, 0, 4, 8], "rotation": 270, "texture": "#0"},
				"down": {"uv": [0, 0, 4, 8], "rotation": 90, "texture": "#0"}
			}
		},
		{
			"from": [4, 12, 0],
			"to": [12, 13, 4],
			"rotation": {"angle": 0, "axis": "y", "origin": [12, 20, -4]},
			"faces": {
				"north": {"uv": [0, 0, 8, 1], "texture": "#0"},
				"east": {"uv": [0, 0, 4, 1], "texture": "#0"},
				"south": {"uv": [0, 0, 8, 1], "texture": "#0"},
				"west": {"uv": [0, 0, 4, 1], "texture": "#0"},
				"up": {"uv": [0, 0, 4, 8], "rotation": 270, "texture": "#0"},
				"down": {"uv": [0, 0, 4, 8], "rotation": 90, "texture": "#0"}
			}
		},
		{
			"from": [12, 3, 4],
			"to": [16, 4, 12],
			"rotation": {"angle": 0, "axis": "y", "origin": [20, 11, 12]},
			"faces": {
				"north": {"uv": [0, 0, 4, 1], "texture": "#0"},
				"east": {"uv": [0, 0, 8, 1], "texture": "#0"},
				"south": {"uv": [0, 0, 4, 1], "texture": "#0"},
				"west": {"uv": [0, 0, 8, 1], "texture": "#0"},
				"up": {"uv": [0, 0, 4, 8], "texture": "#0"},
				"down": {"uv": [0, 0, 4, 8], "texture": "#0"}
			}
		},
		{
			"from": [4, 0, 3],
			"to": [12, 3, 4],
			"rotation": {"angle": 0, "axis": "z", "origin": [12, 7, 11]},
			"faces": {
				"north": {"uv": [0, 0, 4, 8], "rotation": 270, "texture": "#0"},
				"east": {"uv": [0, 0, 4, 1], "rotation": 270, "texture": "#0"},
				"south": {"uv": [0, 0, 4, 8], "rotation": 270, "texture": "#0"},
				"west": {"uv": [0, 0, 4, 1], "rotation": 90, "texture": "#0"},
				"up": {"uv": [0, 0, 8, 1], "rotation": 180, "texture": "#0"},
				"down": {"uv": [0, 0, 8, 1], "texture": "#0"}
			}
		},
		{
			"from": [12, 0, 4],
			"to": [13, 3, 12],
			"rotation": {"angle": 0, "axis": "y", "origin": [5, 7, 12]},
			"faces": {
				"north": {"uv": [0, 0, 4, 1], "rotation": 90, "texture": "#0"},
				"east": {"uv": [0, 0, 4, 8], "rotation": 270, "texture": "#0"},
				"south": {"uv": [0, 0, 4, 1], "rotation": 270, "texture": "#0"},
				"west": {"uv": [0, 0, 4, 8], "rotation": 270, "texture": "#0"},
				"up": {"uv": [0, 0, 8, 1], "rotation": 270, "texture": "#0"},
				"down": {"uv": [0, 0, 8, 1], "rotation": 270, "texture": "#0"}
			}
		},
		{
			"from": [4, 0, 12],
			"to": [12, 4, 13],
			"rotation": {"angle": 0, "axis": "z", "origin": [12, 7, 20]},
			"faces": {
				"north": {"uv": [0, 0, 4, 8], "rotation": 270, "texture": "#0"},
				"east": {"uv": [0, 0, 4, 1], "rotation": 270, "texture": "#0"},
				"south": {"uv": [0, 0, 4, 8], "rotation": 270, "texture": "#0"},
				"west": {"uv": [0, 0, 4, 1], "rotation": 90, "texture": "#0"},
				"up": {"uv": [0, 0, 8, 1], "rotation": 180, "texture": "#0"},
				"down": {"uv": [0, 0, 8, 1], "texture": "#0"}
			}
		},
		{
			"from": [3, 0, 4],
			"to": [4, 4, 12],
			"rotation": {"angle": 0, "axis": "y", "origin": [-4, 7, 12]},
			"faces": {
				"north": {"uv": [0, 0, 4, 1], "rotation": 90, "texture": "#0"},
				"east": {"uv": [0, 0, 4, 8], "rotation": 270, "texture": "#0"},
				"south": {"uv": [0, 0, 4, 1], "rotation": 270, "texture": "#0"},
				"west": {"uv": [0, 0, 4, 8], "rotation": 270, "texture": "#0"},
				"up": {"uv": [0, 0, 8, 1], "rotation": 270, "texture": "#0"},
				"down": {"uv": [0, 0, 8, 1], "rotation": 270, "texture": "#0"}
			}
		}
	],
	"groups": [
		{
			"name": "group",
			"origin": [20, 17, 12],
			"children": [0, 1, 2, 3, 4, 5, 6, 7, 8, 9, 10, 11]
		}
	]
}