{
	"credit": "Model By DrakenXI",
	"textures": {
		"0": "Textures_perso/basic_concret",
		"particle": "Textures_perso/basic_concret"
	},
	"elements": [
		{
			"from": [12, 4, 5],
			"to": [13, 12, 16],
			"rotation": {"angle": 0, "axis": "y", "origin": [8, 8, 10.5]},
			"faces": {
				"north": {"uv": [0, 0, 8, 1], "rotation": 90, "texture": "#0"},
				"east": {"uv": [0, 0, 11, 8], "rotation": 180, "texture": "#0"},
				"south": {"uv": [0, 0, 8, 1], "rotation": 270, "texture": "#0"},
				"west": {"uv": [0, 0, 11, 8], "texture": "#0"},
				"up": {"uv": [0, 0, 11, 1], "rotation": 270, "texture": "#0"},
				"down": {"uv": [0, 0, 11, 1], "rotation": 270, "texture": "#0"}
			}
		},
		{
			"from": [4, 3, 5],
			"to": [12, 4, 16],
			"rotation": {"angle": 0, "axis": "y", "origin": [8, 8, 10.5]},
			"faces": {
				"north": {"uv": [0, 0, 8, 1], "texture": "#0"},
				"east": {"uv": [0, 0, 11, 1], "texture": "#0"},
				"south": {"uv": [0, 0, 8, 1], "texture": "#0"},
				"west": {"uv": [0, 0, 11, 1], "texture": "#0"},
				"up": {"uv": [0, 0, 11, 8], "rotation": 90, "texture": "#0"},
				"down": {"uv": [0, 0, 11, 8], "rotation": 270, "texture": "#0"}
			}
		},
		{
			"from": [4, 12, 5],
			"to": [12, 13, 16],
			"rotation": {"angle": 0, "axis": "y", "origin": [8, 8, 10.5]},
			"faces": {
				"north": {"uv": [0, 0, 8, 1], "texture": "#0"},
				"east": {"uv": [0, 0, 11, 1], "texture": "#0"},
				"south": {"uv": [0, 0, 8, 1], "texture": "#0"},
				"west": {"uv": [0, 0, 11, 1], "texture": "#0"},
				"up": {"uv": [0, 0, 11, 8], "rotation": 90, "texture": "#0"},
				"down": {"uv": [0, 0, 11, 8], "rotation": 270, "texture": "#0"}
			}
		},
		{
			"from": [3, 4, 5],
			"to": [4, 12, 16],
			"rotation": {"angle": 0, "axis": "y", "origin": [8, 8, 10.5]},
			"faces": {
				"north": {"uv": [0, 0, 8, 1], "rotation": 90, "texture": "#0"},
				"east": {"uv": [0, 0, 11, 8], "rotation": 180, "texture": "#0"},
				"south": {"uv": [0, 0, 8, 1], "rotation": 270, "texture": "#0"},
				"west": {"uv": [0, 0, 11, 8], "texture": "#0"},
				"up": {"uv": [0, 0, 11, 1], "rotation": 270, "texture": "#0"},
				"down": {"uv": [0, 0, 11, 1], "rotation": 270, "texture": "#0"}
			}
		},
		{
			"from": [12, 4, 4],
			"to": [14, 12, 5],
			"rotation": {"angle": 0, "axis": "y", "origin": [8, 9, 5]},
			"faces": {
				"north": {"uv": [0, 0, 8, 2], "rotation": 90, "texture": "#0"},
				"east": {"uv": [0, 0, 1, 8], "rotation": 180, "texture": "#0"},
				"south": {"uv": [0, 0, 8, 2], "rotation": 270, "texture": "#0"},
				"west": {"uv": [0, 0, 1, 8], "texture": "#0"},
				"up": {"uv": [0, 0, 1, 2], "rotation": 270, "texture": "#0"},
				"down": {"uv": [0, 0, 1, 2], "rotation": 270, "texture": "#0"}
			}
		},
		{
			"from": [4, 12, 4],
			"to": [12, 14, 5],
			"rotation": {"angle": 0, "axis": "y", "origin": [8, 11, 12]},
			"faces": {
				"north": {"uv": [0, 0, 8, 2], "rotation": 180, "texture": "#0"},
				"east": {"uv": [0, 0, 1, 2], "rotation": 180, "texture": "#0"},
				"south": {"uv": [0, 0, 8, 2], "rotation": 180, "texture": "#0"},
				"west": {"uv": [0, 0, 1, 2], "rotation": 180, "texture": "#0"},
				"up": {"uv": [0, 0, 1, 8], "rotation": 90, "texture": "#0"},
				"down": {"uv": [0, 0, 1, 8], "rotation": 270, "texture": "#0"}
			}
		},
		{
			"from": [3, 2, 4],
			"to": [13, 4, 5],
			"rotation": {"angle": 0, "axis": "y", "origin": [8, 8, 5]},
			"faces": {
				"north": {"uv": [0, 0, 10, 2], "texture": "#0"},
				"east": {"uv": [0, 0, 1, 2], "texture": "#0"},
				"south": {"uv": [0, 0, 10, 2], "texture": "#0"},
				"west": {"uv": [0, 0, 1, 2], "texture": "#0"},
				"up": {"uv": [0, 0, 1, 10], "rotation": 90, "texture": "#0"},
				"down": {"uv": [0, 0, 1, 10], "rotation": 270, "texture": "#0"}
			}
		},
		{
			"from": [2, 4, 4],
			"to": [4, 12, 5],
			"rotation": {"angle": 0, "axis": "y", "origin": [9, 9, 5]},
			"faces": {
				"north": {"uv": [0, 0, 8, 2], "rotation": 90, "texture": "#0"},
				"east": {"uv": [0, 0, 1, 8], "rotation": 180, "texture": "#0"},
				"south": {"uv": [0, 0, 8, 2], "rotation": 270, "texture": "#0"},
				"west": {"uv": [0, 0, 1, 8], "texture": "#0"},
				"up": {"uv": [0, 0, 1, 2], "rotation": 270, "texture": "#0"},
				"down": {"uv": [0, 0, 1, 2], "rotation": 270, "texture": "#0"}
			}
		}
	],
	"groups": [
		{
			"name": "group",
			"origin": [8, 0, 20],
			"children": [0, 1, 2, 3]
		},
		{
			"name": "group",
			"origin": [19, 1, 21],
			"children": [4, 5, 6, 7]
		}
	]
}