{
	"credit": "Model By DrakenXI",
	"textures": {
		"0": "Textures_perso/basic_concret",
		"particle": "Textures_perso/basic_concret"
	},
	"elements": [
		{
			"from": [4, 0, 3],
			"to": [12, 4, 4],
			"rotation": {"angle": 0, "axis": "x", "origin": [4, 11, -4]},
			"faces": {
				"north": {"uv": [0, 0, 4, 8], "rotation": 90, "texture": "#0"},
				"east": {"uv": [0, 0, 1, 4], "texture": "#0"},
				"south": {"uv": [0, 0, 4, 8], "rotation": 270, "texture": "#0"},
				"west": {"uv": [0, 0, 1, 4], "rotation": 180, "texture": "#0"},
				"up": {"uv": [0, 0, 1, 8], "rotation": 270, "texture": "#0"},
				"down": {"uv": [0, 0, 1, 8], "rotation": 270, "texture": "#0"}
			}
		},
		{
			"from": [3, 0, 4],
			"to": [4, 4, 12],
			"rotation": {"angle": 0, "axis": "y", "origin": [11, 11, 4]},
			"faces": {
				"north": {"uv": [0, 0, 1, 4], "rotation": 180, "texture": "#0"},
				"east": {"uv": [0, 0, 4, 8], "rotation": 90, "texture": "#0"},
				"south": {"uv": [0, 0, 1, 4], "texture": "#0"},
				"west": {"uv": [0, 0, 5, 9], "rotation": 270, "texture": "#0"},
				"up": {"uv": [0, 0, 1, 8], "texture": "#0"},
				"down": {"uv": [0, 0, 1, 8], "rotation": 180, "texture": "#0"}
			}
		},
		{
			"from": [12, 0, 4],
			"to": [13, 4, 12],
			"rotation": {"angle": 0, "axis": "y", "origin": [20, 11, 4]},
			"faces": {
				"north": {"uv": [0, 0, 1, 4], "rotation": 180, "texture": "#0"},
				"east": {"uv": [0, 0, 5, 10], "rotation": 90, "texture": "#0"},
				"south": {"uv": [0, 0, 1, 4], "texture": "#0"},
				"west": {"uv": [0, 0, 4, 8], "rotation": 270, "texture": "#0"},
				"up": {"uv": [0, 0, 1, 8], "texture": "#0"},
				"down": {"uv": [0, 0, 1, 8], "rotation": 180, "texture": "#0"}
			}
		},
		{
			"from": [12, 4, 0],
			"to": [13, 12, 12],
			"rotation": {"angle": 0, "axis": "y", "origin": [20, 12, 10]},
			"faces": {
				"north": {"uv": [0, 0, 1, 8], "texture": "#0"},
				"east": {"uv": [0, 0, 16, 9], "texture": "#0"},
				"south": {"uv": [0, 0, 1, 8], "texture": "#0"},
				"west": {"uv": [0, 0, 16, 8], "texture": "#0"},
				"up": {"uv": [0, 0, 1, 3], "texture": "#0"},
				"down": {"uv": [0, 0, 1, 3], "texture": "#0"}
			}
		},
		{
			"from": [4, 0, 12],
			"to": [12, 12, 13],
			"rotation": {"angle": 0, "axis": "z", "origin": [23, 11, 20]},
			"faces": {
				"north": {"uv": [0, 0, 16, 10], "rotation": 270, "texture": "#0"},
				"east": {"uv": [0, 0, 8, 1], "rotation": 270, "texture": "#0"},
				"south": {"uv": [0, 0, 16, 9], "rotation": 270, "texture": "#0"},
				"west": {"uv": [0, 0, 8, 1], "rotation": 90, "texture": "#0"},
				"up": {"uv": [0, 0, 12, 1], "rotation": 180, "texture": "#0"},
				"down": {"uv": [0, 0, 12, 1], "texture": "#0"}
			}
		},
		{
			"from": [3, 4, 0],
			"to": [4, 12, 12],
			"rotation": {"angle": 0, "axis": "y", "origin": [-4, 15, 19]},
			"faces": {
				"north": {"uv": [0, 0, 8, 1], "rotation": 90, "texture": "#0"},
				"east": {"uv": [0, 0, 8, 12], "rotation": 270, "texture": "#0"},
				"south": {"uv": [0, 0, 8, 1], "rotation": 270, "texture": "#0"},
				"west": {"uv": [0, 0, 9, 16], "rotation": 270, "texture": "#0"},
				"up": {"uv": [0, 0, 12, 1], "rotation": 270, "texture": "#0"},
				"down": {"uv": [0, 0, 12, 1], "rotation": 270, "texture": "#0"}
			}
		},
		{
			"from": [4, 3, 0],
			"to": [12, 4, 3],
			"rotation": {"angle": 0, "axis": "y", "origin": [12, 11, -4]},
			"faces": {
				"north": {"uv": [0, 0, 8, 1], "texture": "#0"},
				"east": {"uv": [0, 0, 4, 1], "texture": "#0"},
				"south": {"uv": [0, 0, 8, 1], "texture": "#0"},
				"west": {"uv": [0, 0, 4, 1], "texture": "#0"},
				"up": {"uv": [0, 0, 4, 8], "rotation": 270, "texture": "#0"},
				"down": {"uv": [0, 0, 4, 8], "rotation": 90, "texture": "#0"}
			}
		},
		{
			"from": [4, 12, 0],
			"to": [12, 13, 12],
			"rotation": {"angle": 0, "axis": "y", "origin": [12, 20, -4]},
			"faces": {
				"north": {"uv": [0, 0, 8, 1], "texture": "#0"},
				"east": {"uv": [0, 0, 4, 1], "texture": "#0"},
				"south": {"uv": [0, 0, 8, 1], "texture": "#0"},
				"west": {"uv": [0, 0, 4, 1], "texture": "#0"},
				"up": {"uv": [0, 0, 16, 9], "rotation": 270, "texture": "#0"},
				"down": {"uv": [0, 0, 16, 9], "rotation": 90, "texture": "#0"}
			}
		}
	],
	"groups": [
		{
			"name": "group",
			"origin": [20, 17, 12],
			"children": [0, 1, 2, 3, 4, 5, 6, 7]
		}
	]
}