{
	"credit": "Model By DrakenXI",
	"textures": {
		"0": "Textures_perso/basic_concret",
		"particle": "Textures_perso/basic_concret"
	},
	"elements": [
		{
			"from": [4, 3, 0],
			"to": [12, 4, 16],
			"rotation": {"angle": 0, "axis": "y", "origin": [12, 11, 8]},
			"faces": {
				"north": {"uv": [0, 0, 8, 1], "texture": "#0"},
				"east": {"uv": [0, 0, 16, 1], "texture": "#0"},
				"south": {"uv": [0, 0, 8, 1], "texture": "#0"},
				"west": {"uv": [0, 0, 16, 1], "texture": "#0"},
				"up": {"uv": [0, 0, 8, 16], "texture": "#0"},
				"down": {"uv": [0, 0, 8, 16], "texture": "#0"}
			}
		},
		{
			"from": [4, 12, 0],
			"to": [12, 13, 16],
			"rotation": {"angle": 0, "axis": "y", "origin": [12, 20, 8]},
			"faces": {
				"north": {"uv": [0, 0, 8, 1], "texture": "#0"},
				"east": {"uv": [0, 0, 16, 1], "texture": "#0"},
				"south": {"uv": [0, 0, 8, 1], "texture": "#0"},
				"west": {"uv": [0, 0, 16, 1], "texture": "#0"},
				"up": {"uv": [0, 0, 8, 16], "texture": "#0"},
				"down": {"uv": [0, 0, 8, 16], "texture": "#0"}
			}
		},
		{
			"from": [3, 4, 0],
			"to": [4, 12, 16],
			"rotation": {"angle": 0, "axis": "z", "origin": [11, 4, 8]},
			"faces": {
				"north": {"uv": [0, 0, 8, 1], "rotation": 270, "texture": "#0"},
				"east": {"uv": [0, 0, 8, 16], "rotation": 90, "texture": "#0"},
				"south": {"uv": [0, 0, 8, 1], "rotation": 90, "texture": "#0"},
				"west": {"uv": [0, 0, 8, 16], "rotation": 90, "texture": "#0"},
				"up": {"uv": [0, 0, 16, 1], "rotation": 90, "texture": "#0"},
				"down": {"uv": [0, 0, 16, 1], "rotation": 90, "texture": "#0"}
			}
		},
		{
			"from": [12, 4, 0],
			"to": [13, 12, 16],
			"rotation": {"angle": 0, "axis": "z", "origin": [20, 4, 8]},
			"faces": {
				"north": {"uv": [0, 0, 8, 1], "rotation": 270, "texture": "#0"},
				"east": {"uv": [0, 0, 8, 16], "rotation": 90, "texture": "#0"},
				"south": {"uv": [0, 0, 8, 1], "rotation": 90, "texture": "#0"},
				"west": {"uv": [0, 0, 8, 16], "rotation": 90, "texture": "#0"},
				"up": {"uv": [0, 0, 16, 1], "rotation": 90, "texture": "#0"},
				"down": {"uv": [0, 0, 16, 1], "rotation": 90, "texture": "#0"}
			}
		}
	]
}