{
	"credit": "Model By DrakenXI",
	"textures": {
		"0": "Textures_perso/basic_concret",
		"particle": "Textures_perso/basic_concret"
	},
	"elements": [
		{
			"from": [0, 4, 3],
			"to": [4, 12, 4],
			"rotation": {"angle": 0, "axis": "y", "origin": [11, 2, -4]},
			"faces": {
				"north": {"uv": [0, 0, 8, 4], "rotation": 90, "texture": "#0"},
				"east": {"uv": [0, 0, 8, 1], "rotation": 90, "texture": "#0"},
				"south": {"uv": [0, 0, 8, 4], "rotation": 90, "texture": "#0"},
				"west": {"uv": [0, 0, 8, 1], "rotation": 270, "texture": "#0"},
				"up": {"uv": [0, 0, 4, 1], "texture": "#0"},
				"down": {"uv": [0, 0, 4, 1], "rotation": 180, "texture": "#0"}
			}
		},
		{
			"from": [3, 4, 0],
			"to": [4, 12, 3],
			"rotation": {"angle": 0, "axis": "z", "origin": [-4, 2, -7]},
			"faces": {
				"north": {"uv": [0, 0, 8, 1], "rotation": 90, "texture": "#0"},
				"east": {"uv": [0, 0, 8, 3], "rotation": 90, "texture": "#0"},
				"south": {"uv": [0, 0, 8, 1], "rotation": 270, "texture": "#0"},
				"west": {"uv": [0, 0, 8, 3], "rotation": 90, "texture": "#0"},
				"up": {"uv": [0, 0, 3, 1], "rotation": 270, "texture": "#0"},
				"down": {"uv": [0, 0, 3, 1], "rotation": 270, "texture": "#0"}
			}
		},
		{
			"from": [12, 4, 0],
			"to": [13, 12, 3],
			"rotation": {"angle": 0, "axis": "z", "origin": [5, 2, -7]},
			"faces": {
				"north": {"uv": [0, 0, 8, 1], "rotation": 90, "texture": "#0"},
				"east": {"uv": [0, 0, 8, 3], "rotation": 90, "texture": "#0"},
				"south": {"uv": [0, 0, 8, 1], "rotation": 270, "texture": "#0"},
				"west": {"uv": [0, 0, 8, 3], "rotation": 90, "texture": "#0"},
				"up": {"uv": [0, 0, 3, 1], "rotation": 270, "texture": "#0"},
				"down": {"uv": [0, 0, 3, 1], "rotation": 270, "texture": "#0"}
			}
		},
		{
			"from": [12, 4, 3],
			"to": [16, 12, 4],
			"rotation": {"angle": 0, "axis": "y", "origin": [23, 2, -4]},
			"faces": {
				"north": {"uv": [0, 0, 8, 4], "rotation": 90, "texture": "#0"},
				"east": {"uv": [0, 0, 8, 1], "rotation": 90, "texture": "#0"},
				"south": {"uv": [0, 0, 8, 4], "rotation": 90, "texture": "#0"},
				"west": {"uv": [0, 0, 8, 1], "rotation": 270, "texture": "#0"},
				"up": {"uv": [0, 0, 4, 1], "texture": "#0"},
				"down": {"uv": [0, 0, 4, 1], "rotation": 180, "texture": "#0"}
			}
		},
		{
			"from": [0, 12, 4],
			"to": [4, 13, 12],
			"rotation": {"angle": 0, "axis": "y", "origin": [11, 20, 2]},
			"faces": {
				"north": {"uv": [0, 0, 4, 1], "texture": "#0"},
				"east": {"uv": [0, 0, 8, 1], "texture": "#0"},
				"south": {"uv": [0, 0, 4, 1], "texture": "#0"},
				"west": {"uv": [0, 0, 8, 1], "texture": "#0"},
				"up": {"uv": [0, 0, 8, 4], "rotation": 270, "texture": "#0"},
				"down": {"uv": [0, 0, 8, 4], "rotation": 90, "texture": "#0"}
			}
		},
		{
			"from": [12, 3, 4],
			"to": [16, 4, 12],
			"rotation": {"angle": 0, "axis": "y", "origin": [23, 11, 2]},
			"faces": {
				"north": {"uv": [0, 0, 4, 1], "texture": "#0"},
				"east": {"uv": [0, 0, 8, 1], "texture": "#0"},
				"south": {"uv": [0, 0, 4, 1], "texture": "#0"},
				"west": {"uv": [0, 0, 8, 1], "texture": "#0"},
				"up": {"uv": [0, 0, 8, 4], "rotation": 270, "texture": "#0"},
				"down": {"uv": [0, 0, 8, 4], "rotation": 90, "texture": "#0"}
			}
		},
		{
			"from": [12, 12, 4],
			"to": [16, 13, 12],
			"rotation": {"angle": 0, "axis": "y", "origin": [23, 20, 2]},
			"faces": {
				"north": {"uv": [0, 0, 4, 1], "texture": "#0"},
				"east": {"uv": [0, 0, 8, 1], "texture": "#0"},
				"south": {"uv": [0, 0, 4, 1], "texture": "#0"},
				"west": {"uv": [0, 0, 8, 1], "texture": "#0"},
				"up": {"uv": [0, 0, 8, 4], "rotation": 270, "texture": "#0"},
				"down": {"uv": [0, 0, 8, 4], "rotation": 90, "texture": "#0"}
			}
		},
		{
			"from": [4, 12, 0],
			"to": [12, 13, 12],
			"rotation": {"angle": 0, "axis": "y", "origin": [2, 20, -7]},
			"faces": {
				"north": {"uv": [0, 0, 8, 1], "texture": "#0"},
				"east": {"uv": [0, 0, 12, 1], "texture": "#0"},
				"south": {"uv": [0, 0, 8, 1], "texture": "#0"},
				"west": {"uv": [0, 0, 12, 1], "texture": "#0"},
				"up": {"uv": [0, 0, 8, 12], "rotation": 180, "texture": "#0"},
				"down": {"uv": [0, 0, 8, 12], "rotation": 180, "texture": "#0"}
			}
		},
		{
			"from": [0, 4, 12],
			"to": [16, 12, 13],
			"rotation": {"angle": 0, "axis": "y", "origin": [4, 12, 5]},
			"faces": {
				"north": {"uv": [0, 0, 16, 8], "texture": "#0"},
				"east": {"uv": [0, 0, 1, 8], "texture": "#0"},
				"south": {"uv": [0, 0, 16, 8], "texture": "#0"},
				"west": {"uv": [0, 0, 1, 8], "texture": "#0"},
				"up": {"uv": [0, 0, 16, 1], "rotation": 180, "texture": "#0"},
				"down": {"uv": [0, 0, 16, 1], "rotation": 180, "texture": "#0"}
			}
		},
		{
			"from": [4, 3, 0],
			"to": [12, 4, 12],
			"rotation": {"angle": 0, "axis": "y", "origin": [2, 11, -7]},
			"faces": {
				"north": {"uv": [0, 0, 8, 1], "texture": "#0"},
				"east": {"uv": [0, 0, 12, 1], "texture": "#0"},
				"south": {"uv": [0, 0, 8, 1], "texture": "#0"},
				"west": {"uv": [0, 0, 12, 1], "texture": "#0"},
				"up": {"uv": [0, 0, 8, 12], "rotation": 180, "texture": "#0"},
				"down": {"uv": [0, 0, 8, 12], "rotation": 180, "texture": "#0"}
			}
		},
		{
			"from": [0, 3, 4],
			"to": [4, 4, 12],
			"rotation": {"angle": 0, "axis": "y", "origin": [11, 11, 2]},
			"faces": {
				"north": {"uv": [0, 0, 4, 1], "texture": "#0"},
				"east": {"uv": [0, 0, 8, 1], "texture": "#0"},
				"south": {"uv": [0, 0, 4, 1], "texture": "#0"},
				"west": {"uv": [0, 0, 8, 1], "texture": "#0"},
				"up": {"uv": [0, 0, 8, 4], "rotation": 270, "texture": "#0"},
				"down": {"uv": [0, 0, 8, 4], "rotation": 90, "texture": "#0"}
			}
		}
	],
	"groups": [
		{
			"name": "group",
			"origin": [-7, 3, 20],
			"children": [0, 1, 2, 3, 4, 5, 6, 7, 8, 9, 10]
		}
	]
}