{
	"credit": "Model By DrakenXI",
	"textures": {
		"0": "Textures_perso/basic_concret",
		"particle": "Textures_perso/basic_concret"
	},
	"elements": [
		{
			"from": [4, 12, 12],
			"to": [12, 16, 13],
			"rotation": {"angle": 0, "axis": "y", "origin": [4, 20, 5]},
			"faces": {
				"north": {"uv": [0, 0, 8, 4], "texture": "#0"},
				"east": {"uv": [0, 0, 4, 1], "rotation": 90, "texture": "#0"},
				"south": {"uv": [0, 0, 8, 4], "rotation": 180, "texture": "#0"},
				"west": {"uv": [0, 0, 4, 1], "rotation": 270, "texture": "#0"},
				"up": {"uv": [0, 0, 8, 1], "texture": "#0"},
				"down": {"uv": [0, 0, 8, 1], "rotation": 180, "texture": "#0"}
			}
		},
		{
			"from": [0, 4, 12],
			"to": [16, 12, 13],
			"rotation": {"angle": 0, "axis": "y", "origin": [8, 12, 5]},
			"faces": {
				"north": {"uv": [0, 0, 8, 16], "rotation": 270, "texture": "#0"},
				"east": {"uv": [0, 0, 8, 1], "rotation": 90, "texture": "#0"},
				"south": {"uv": [0, 0, 8, 16], "rotation": 270, "texture": "#0"},
				"west": {"uv": [0, 0, 8, 1], "rotation": 270, "texture": "#0"},
				"up": {"uv": [0, 0, 16, 1], "texture": "#0"},
				"down": {"uv": [0, 0, 16, 1], "rotation": 180, "texture": "#0"}
			}
		},
		{
			"from": [4, 0, 12],
			"to": [12, 4, 13],
			"rotation": {"angle": 0, "axis": "y", "origin": [4, 8, 5]},
			"faces": {
				"north": {"uv": [0, 0, 8, 4], "texture": "#0"},
				"east": {"uv": [0, 0, 4, 1], "rotation": 90, "texture": "#0"},
				"south": {"uv": [0, 0, 8, 4], "rotation": 180, "texture": "#0"},
				"west": {"uv": [0, 0, 4, 1], "rotation": 270, "texture": "#0"},
				"up": {"uv": [0, 0, 8, 1], "texture": "#0"},
				"down": {"uv": [0, 0, 8, 1], "rotation": 180, "texture": "#0"}
			}
		},
		{
			"from": [12, 12, 4],
			"to": [16, 13, 12],
			"rotation": {"angle": 0, "axis": "z", "origin": [8, 5, 4]},
			"faces": {
				"north": {"uv": [0, 0, 4, 1], "rotation": 180, "texture": "#0"},
				"east": {"uv": [0, 0, 7, 1], "rotation": 180, "texture": "#0"},
				"south": {"uv": [0, 0, 4, 1], "rotation": 180, "texture": "#0"},
				"west": {"uv": [0, 0, 7, 1], "rotation": 180, "texture": "#0"},
				"up": {"uv": [0, 0, 7, 4], "rotation": 270, "texture": "#0"},
				"down": {"uv": [0, 0, 7, 4], "rotation": 90, "texture": "#0"}
			}
		},
		{
			"from": [12, 3, 4],
			"to": [16, 4, 12],
			"rotation": {"angle": 0, "axis": "z", "origin": [8, -4, 4]},
			"faces": {
				"north": {"uv": [0, 0, 4, 1], "rotation": 180, "texture": "#0"},
				"east": {"uv": [0, 0, 7, 1], "rotation": 180, "texture": "#0"},
				"south": {"uv": [0, 0, 4, 1], "rotation": 180, "texture": "#0"},
				"west": {"uv": [0, 0, 7, 1], "rotation": 180, "texture": "#0"},
				"up": {"uv": [0, 0, 7, 4], "rotation": 270, "texture": "#0"},
				"down": {"uv": [0, 0, 7, 4], "rotation": 90, "texture": "#0"}
			}
		},
		{
			"from": [0, 3, 4],
			"to": [4, 4, 12],
			"rotation": {"angle": 0, "axis": "z", "origin": [-4, -4, 4]},
			"faces": {
				"north": {"uv": [0, 0, 4, 1], "rotation": 180, "texture": "#0"},
				"east": {"uv": [0, 0, 7, 1], "rotation": 180, "texture": "#0"},
				"south": {"uv": [0, 0, 4, 1], "rotation": 180, "texture": "#0"},
				"west": {"uv": [0, 0, 7, 1], "rotation": 180, "texture": "#0"},
				"up": {"uv": [0, 0, 7, 4], "rotation": 270, "texture": "#0"},
				"down": {"uv": [0, 0, 7, 4], "rotation": 90, "texture": "#0"}
			}
		},
		{
			"from": [3, 0, 4],
			"to": [4, 3, 12],
			"rotation": {"angle": 0, "axis": "y", "origin": [11, -4, 4]},
			"faces": {
				"north": {"uv": [0, 0, 3, 1], "rotation": 270, "texture": "#0"},
				"east": {"uv": [0, 0, 7, 3], "texture": "#0"},
				"south": {"uv": [0, 0, 3, 1], "rotation": 90, "texture": "#0"},
				"west": {"uv": [0, 0, 7, 3], "rotation": 180, "texture": "#0"},
				"up": {"uv": [0, 0, 7, 1], "rotation": 90, "texture": "#0"},
				"down": {"uv": [0, 0, 7, 1], "rotation": 90, "texture": "#0"}
			}
		},
		{
			"from": [12, 0, 4],
			"to": [13, 3, 12],
			"rotation": {"angle": 0, "axis": "y", "origin": [20, -4, 4]},
			"faces": {
				"north": {"uv": [0, 0, 3, 1], "rotation": 270, "texture": "#0"},
				"east": {"uv": [0, 0, 7, 3], "texture": "#0"},
				"south": {"uv": [0, 0, 3, 1], "rotation": 90, "texture": "#0"},
				"west": {"uv": [0, 0, 7, 3], "rotation": 180, "texture": "#0"},
				"up": {"uv": [0, 0, 7, 1], "rotation": 90, "texture": "#0"},
				"down": {"uv": [0, 0, 7, 1], "rotation": 90, "texture": "#0"}
			}
		},
		{
			"from": [12, 13, 4],
			"to": [13, 16, 12],
			"rotation": {"angle": 0, "axis": "y", "origin": [20, 9, 4]},
			"faces": {
				"north": {"uv": [0, 0, 3, 1], "rotation": 270, "texture": "#0"},
				"east": {"uv": [0, 0, 7, 3], "texture": "#0"},
				"south": {"uv": [0, 0, 3, 1], "rotation": 90, "texture": "#0"},
				"west": {"uv": [0, 0, 7, 3], "rotation": 180, "texture": "#0"},
				"up": {"uv": [0, 0, 7, 1], "rotation": 90, "texture": "#0"},
				"down": {"uv": [0, 0, 7, 1], "rotation": 90, "texture": "#0"}
			}
		},
		{
			"from": [3, 13, 4],
			"to": [4, 16, 12],
			"rotation": {"angle": 0, "axis": "y", "origin": [11, 9, 4]},
			"faces": {
				"north": {"uv": [0, 0, 3, 1], "rotation": 270, "texture": "#0"},
				"east": {"uv": [0, 0, 7, 3], "texture": "#0"},
				"south": {"uv": [0, 0, 3, 1], "rotation": 90, "texture": "#0"},
				"west": {"uv": [0, 0, 7, 3], "rotation": 180, "texture": "#0"},
				"up": {"uv": [0, 0, 7, 1], "rotation": 90, "texture": "#0"},
				"down": {"uv": [0, 0, 7, 1], "rotation": 90, "texture": "#0"}
			}
		},
		{
			"from": [0, 12, 4],
			"to": [4, 13, 12],
			"rotation": {"angle": 0, "axis": "z", "origin": [-4, 5, 4]},
			"faces": {
				"north": {"uv": [0, 0, 4, 1], "rotation": 180, "texture": "#0"},
				"east": {"uv": [0, 0, 7, 1], "rotation": 180, "texture": "#0"},
				"south": {"uv": [0, 0, 4, 1], "rotation": 180, "texture": "#0"},
				"west": {"uv": [0, 0, 7, 1], "rotation": 180, "texture": "#0"},
				"up": {"uv": [0, 0, 7, 4], "rotation": 270, "texture": "#0"},
				"down": {"uv": [0, 0, 7, 4], "rotation": 90, "texture": "#0"}
			}
		},
		{
			"from": [4, 12, 3],
			"to": [12, 16, 4],
			"rotation": {"angle": 0, "axis": "y", "origin": [4, 20, -4]},
			"faces": {
				"north": {"uv": [0, 0, 8, 4], "texture": "#0"},
				"east": {"uv": [0, 0, 4, 1], "rotation": 90, "texture": "#0"},
				"south": {"uv": [0, 0, 8, 4], "rotation": 180, "texture": "#0"},
				"west": {"uv": [0, 0, 4, 1], "rotation": 270, "texture": "#0"},
				"up": {"uv": [0, 0, 8, 1], "texture": "#0"},
				"down": {"uv": [0, 0, 8, 1], "rotation": 180, "texture": "#0"}
			}
		},
		{
			"from": [4, 0, 3],
			"to": [12, 4, 4],
			"rotation": {"angle": 0, "axis": "y", "origin": [4, 8, -4]},
			"faces": {
				"north": {"uv": [0, 0, 8, 4], "texture": "#0"},
				"east": {"uv": [0, 0, 4, 1], "rotation": 90, "texture": "#0"},
				"south": {"uv": [0, 0, 8, 4], "rotation": 180, "texture": "#0"},
				"west": {"uv": [0, 0, 4, 1], "rotation": 270, "texture": "#0"},
				"up": {"uv": [0, 0, 8, 1], "texture": "#0"},
				"down": {"uv": [0, 0, 8, 1], "rotation": 180, "texture": "#0"}
			}
		},
		{
			"from": [4, 3, 0],
			"to": [12, 4, 3],
			"rotation": {"angle": 0, "axis": "z", "origin": [4, 11, 7]},
			"faces": {
				"north": {"uv": [0, 0, 8, 1], "texture": "#0"},
				"east": {"uv": [0, 0, 4, 1], "texture": "#0"},
				"south": {"uv": [0, 0, 8, 1], "texture": "#0"},
				"west": {"uv": [0, 0, 4, 1], "texture": "#0"},
				"up": {"uv": [0, 0, 8, 4], "rotation": 180, "texture": "#0"},
				"down": {"uv": [0, 0, 8, 4], "rotation": 180, "texture": "#0"}
			}
		},
		{
			"from": [4, 12, 0],
			"to": [12, 13, 3],
			"rotation": {"angle": 0, "axis": "z", "origin": [4, 20, 7]},
			"faces": {
				"north": {"uv": [0, 0, 8, 1], "texture": "#0"},
				"east": {"uv": [0, 0, 4, 1], "texture": "#0"},
				"south": {"uv": [0, 0, 8, 1], "texture": "#0"},
				"west": {"uv": [0, 0, 4, 1], "texture": "#0"},
				"up": {"uv": [0, 0, 8, 4], "rotation": 180, "texture": "#0"},
				"down": {"uv": [0, 0, 8, 4], "rotation": 180, "texture": "#0"}
			}
		},
		{
			"from": [12, 4, 0],
			"to": [13, 12, 3],
			"rotation": {"angle": 0, "axis": "y", "origin": [5, 4, 7]},
			"faces": {
				"north": {"uv": [0, 0, 8, 1], "rotation": 90, "texture": "#0"},
				"east": {"uv": [0, 0, 8, 4], "rotation": 90, "texture": "#0"},
				"south": {"uv": [0, 0, 8, 1], "rotation": 270, "texture": "#0"},
				"west": {"uv": [0, 0, 8, 4], "rotation": 90, "texture": "#0"},
				"up": {"uv": [0, 0, 4, 1], "rotation": 270, "texture": "#0"},
				"down": {"uv": [0, 0, 4, 1], "rotation": 270, "texture": "#0"}
			}
		},
		{
			"from": [12, 4, 3],
			"to": [16, 12, 4],
			"rotation": {"angle": 0, "axis": "y", "origin": [9, 4, -4]},
			"faces": {
				"north": {"uv": [0, 0, 8, 5], "rotation": 90, "texture": "#0"},
				"east": {"uv": [0, 0, 8, 1], "rotation": 90, "texture": "#0"},
				"south": {"uv": [0, 0, 8, 4], "rotation": 90, "texture": "#0"},
				"west": {"uv": [0, 0, 8, 1], "rotation": 270, "texture": "#0"},
				"up": {"uv": [0, 0, 4, 1], "texture": "#0"},
				"down": {"uv": [0, 0, 4, 1], "rotation": 180, "texture": "#0"}
			}
		},
		{
			"from": [0, 4, 3],
			"to": [4, 12, 4],
			"rotation": {"angle": 0, "axis": "y", "origin": [-3, 4, -4]},
			"faces": {
				"north": {"uv": [0, 0, 8, 5], "rotation": 90, "texture": "#0"},
				"east": {"uv": [0, 0, 8, 1], "rotation": 90, "texture": "#0"},
				"south": {"uv": [0, 0, 8, 4], "rotation": 90, "texture": "#0"},
				"west": {"uv": [0, 0, 8, 1], "rotation": 270, "texture": "#0"},
				"up": {"uv": [0, 0, 4, 1], "texture": "#0"},
				"down": {"uv": [0, 0, 4, 1], "rotation": 180, "texture": "#0"}
			}
		},
		{
			"from": [3, 4, 0],
			"to": [4, 12, 3],
			"rotation": {"angle": 0, "axis": "y", "origin": [-4, 4, 7]},
			"faces": {
				"north": {"uv": [0, 0, 8, 1], "rotation": 90, "texture": "#0"},
				"east": {"uv": [0, 0, 8, 4], "rotation": 90, "texture": "#0"},
				"south": {"uv": [0, 0, 8, 1], "rotation": 270, "texture": "#0"},
				"west": {"uv": [0, 0, 8, 4], "rotation": 90, "texture": "#0"},
				"up": {"uv": [0, 0, 4, 1], "rotation": 270, "texture": "#0"},
				"down": {"uv": [0, 0, 4, 1], "rotation": 270, "texture": "#0"}
			}
		}
	],
	"groups": [
		{
			"name": "group",
			"origin": [8, 12, 12],
			"children": [0, 1, 2, 3, 4, 5, 6, 7, 8, 9, 10, 11, 12, 13, 14, 15, 16, 17, 18]
		}
	]
}