{
  "_fv": 15,
  "_type": "recipe",
  "definition": {
    "recipeType": "Crafting",
    "xpReward": 0.0,
    "cookingTime": 200,
    "recipeRetstackSize": 4,
    "group": "",
    "recipeShapeless": true,
    "recipeSlots": [
      {
        "value": "Blocks.GRAVEL"
      },
      {
        "value": "Items.DYE#8"
      },
      {
        "value": ""
      },
      {
        "value": "Blocks.SAND"
      },
      {
        "value": "Items.WATER_BUCKET"
      },
      {
        "value": ""
      },
      {
        "value": ""
      },
      {
        "value": ""
      },
      {
        "value": ""
      }
    ],
    "recipeReturnStack": {
      "value": "CUSTOM:BasicConcret"
    },
    "name": "basic_concret_block",
    "namespace": "mod"
  }
}