{
  "_fv": 15,
  "_type": "item",
  "definition": {
    "renderType": 0,
    "texture": "rotator",
    "customModelName": "Tool",
    "name": "Rotator",
    "rarity": "EPIC",
    "creativeTab": {
      "value": "TOOLS"
    },
    "stackSize": 64,
    "enchantability": 0,
    "useDuration": 0,
    "toolType": 1.0,
    "damageCount": 0,
    "recipeRemainder": {
      "value": ""
    },
    "destroyAnyBlock": false,
    "stayInGridWhenCrafting": false,
    "damageOnCrafting": false,
    "enableMeleeDamage": false,
    "damageVsEntity": 0.0,
    "specialInfo": [],
    "hasGlow": false,
    "guiBoundTo": "<NONE>",
    "inventorySize": 9,
    "inventoryStackSize": 64,
    "onRightClickedOnBlock": {
      "name": "RotatorRightClickedOnBlock"
    }
  }
}